category,count,percentage,recoverable,cheapest_rule,additional_candidates_per_s1,downstream_risk,example_s1,example_cand
cross-script,139,65.26,Yes (partially via address matching),Cross-script dual address token blocking (restricted to records where at least one entity is non-Latin),"+15.3 cands/S1 (+30,643 total on 2k sample)",High: Pairwise models have 0.0 text similarity on cross-script names; creates false positives unless address features are exceptionally strong.,Shakti Agro Limited [c o gurnav singh saluja beside],ଶକ୍ତି ଆଗ୍ରୋ ଲିମିଟେଡ୍ [c o gurnav singh saluja sadar ]
domain concatenation,24,11.27,Yes (fully),Sub-token domain splitting (strip .com/.in/.org suffixes and split on embedded capital/numeric boundaries),+0.4 cands/S1 (+800 total),Very Low: Clean token expansion without combinatorial explosion.,Secure Marketing Technologies LLC [982 willman pike hartford city],technologiesmarketing.com [hartford city willman pike in]
address formatting,21,9.86,Yes,"Shared street number + 1 rare address token, or distinctive locality pair","+8.5 cands/S1 (+17,000 total)",Moderate: High candidate volume in dense metropolitan areas if street number is missing.,Shakti Agro Limited [c o gurnav singh saluja beside],Wexveo [block f 264 c o gurnav singh s]
spelling variation,13,6.1,Partially,"3-gram char blocking for distinctive name tokens (length >= 5, max postings <= 200)","+18.0 cands/S1 (+36,000 total)",High: Substantial precision loss on short generic business titles.,Bharani Trust [first floor c 23 fateh nagar j],8harani Trust [first floor new delhi west del]
numeric variation,12,5.63,Yes,Address range normalization (split '1056-1060' into individual numeric tokens),+0.1 cands/S1 (+200 total),Negligible: Addressed in preprocessing stage.,One Infra Private Limited [b 803 safal solitaire corporat],ECTOZEPH [b 8 03 safal solitaire corpora]
other,1,0.47,No,N/A,N/A,N/A,KB Arcelormittal LLC [202 bluebird court tx van],KB LLC Services [bluebird ct van texas]
token reordering,1,0.47,Yes (already mostly covered),Unordered token conjunction (already covered by name_token rule),+0.0 cands/S1,Zero.,JU Solutions Private Limited [3rd floor b 86 swarnim indsutr],Private JU Solutions Limited [dascroi doro no 3rd floor ahme]
abbreviation,1,0.47,Partially,Acronym index: match single word acronyms against initials of multi-word business names,"+2.1 cands/S1 (+4,200 total)",Moderate: 2-letter and 3-letter acronyms have heavy ambiguity without exact address.,White Management Pvt Ltd [sy no 14p 57p izzathnagar kond],WM [k v rangareddy telangana 57p i]
missing address,1,0.47,No (without excessive false positives),Unconstrained name-only fuzzy matching,"+45.0 cands/S1 (+90,000 total)","Extreme: Without an address to verify, cross-company false positives explode.",Redox (India) Ventures Private Limited [19 shiva colony opp dharsen sm],Red0x (India) Ventures Ventures Private Limited []
